<?xml version="1.0" encoding="euc-kr"?>
<LayerList>
	<Group index="0" Name="Origin" length="6">
		<Rec index="0">MapSand0.png</Rec>
		<Rec index="1">MapSand1.png</Rec>
		<Rec index="2">MapGrass0.png</Rec>
		<Rec index="3">MapGrass1.png</Rec>
		<Rec index="4">Maprock0.png</Rec>
		<Rec index="5">Maprock1.png</Rec>
	</Group>

	<Group index="1" Name="Dest" length="4">
		<Rec index="0">MapSand0.png</Rec>
		<Rec index="1">MapGrass0.png</Rec>
		<Rec index="2">MapGrass1.png</Rec>
		<Rec index="3">MapRock1.png</Rec>
	</Group>

</LayerList>