<?xml version="1.0" encoding="euc-kr"?>
<ModelList>
	<Group index="0" Name="Plant" length="2">
		<Element index="0" Name="Grass" length="7">
			<Rec index="0">Mdl2D00.ini</Rec>
			<Rec index="1">Mdl2D01.ini</Rec>
			<Rec index="2">Mdl2D02.ini</Rec>
			<Rec index="3">Mdl2D03.ini</Rec>
			<Rec index="4">Mdl2D04.ini</Rec>
			<Rec index="5">Mdl2D05.ini</Rec>
			<Rec index="6">Mdl2D06.ini</Rec>
		</Element>

		<Element index="1" Name="Bush" length="3">
			<Rec index="0">Mdl2D07.ini</Rec>
			<Rec index="1">Mdl2D08.ini</Rec>
			<Rec index="2">Mdl2D09.ini</Rec>
		</Element>
	</Group>

	
	<Group index="1" Name="Object" length="2">
		<Element index="0" Name="Tree" length="4">
			<Rec index="0">Tree01.ini</Rec>
			<Rec index="1">Tree02.ini</Rec>
			<Rec index="2">Tree03.ini</Rec>
			<Rec index="3">Tree04.ini</Rec>
		</Element>

		<Element index="1" Name="Rock" length="2">
			<Rec index="0">Rock01.ini</Rec>
			<Rec index="1">Rock02.ini</Rec>
		</Element>
	</Group>

	
	<Group index="2" Name="Map" length="0">
	</Group>


</ModelList>